entity,DOI,Paper Title,Authors (short),Year,Venue,Peer Reviewed (yes/no/preprint),Domain,Subdomain / Dataset,Branching ratio n (point estimate),Branching ratio CI or stderr,Kernel form (exp/Omori/power-law/other),Half-life in seconds (converted),Half-life as reported (raw units),Mark/covariate effect sign (+/-/0/NA),Mark/covariate magnitude,Sample size (#events),Observation window,Background rate (with units),Notes / Caveats,Source URL
"10.3389/fams.2023.1126759 (Naylor Serafini 2023, seismology, ETAS.inlabru INLA Bayesian)",10.3389/fams.2023.1126759,Bayesian modeling of the temporal evolution of seismicity using the ETAS.inlabru package,Naylor et al.,2023,Frontiers in Applied Mathematics and Statistics,yes,seismology,"Synthetic earthquake catalogs; examples motivated by Italy, California, and Colfiorito",NA,NA,Omori,NA,NA,+,alpha = 2.29 (synthetic default); magnitude-dependent triggering,"Synthetic examples range from 117 to 2,530 events; baseline catalog examples include 217, 930, 1,842, 1,832, and 1,469 events","Synthetic catalogs over 1,000 days; seeded event at day 500",μ = 0.1 events/day (synthetic baseline),"This is primarily a methodological paper introducing ETAS.inlabru and evaluating it on synthetic catalogs rather than reporting a single real-data fit, so no headline branching ratio n is reported on the article page. The article discusses Omori-type triggering with parameters c = 0.11 and p = 1.08, plus magnitude effect α = 2.29. Because the task asks for one point estimate and the paper does not clearly report a single real-data n, I set n_branching to NA.","[Frontiers article](https://www.frontiersin.org/journals/applied-mathematics-and-statistics/articles/10.3389/fams.2023.1126759/full), [DOI](https://doi.org/10.3389/fams.2023.1126759)"
"10.1093/gji/ggac204 (Kovchegov Zaliapin Ben-Zion 2022, seismology, SoCal cluster analysis)",10.1093/gji/ggac204,Invariant Galton–Watson branching process for earthquake occurrence,Kovchegov et al.,2022,Geophysical Journal International,yes,seismology,"Southern California seismicity, 1981–2019; main analysis with M0 = 2",NA,NA,other,NA,NA,NA,NA,"82,716",1981–2019,NA,"This paper is not a Hawkes/ETAS fit; it develops an invariant Galton–Watson (IGW) branching framework. For the southern California analysis it reports IGW parameters r = 0.24 and q = 0.86, with alternative q estimates of ~0.72 and ~0.9 in discussion. No Hawkes branching ratio n, no fitted background rate mu, and no Omori half-life are reported.","[Geophysical Journal International](https://academic.oup.com/gji/article/231/1/567/6598816), [DOI](https://doi.org/10.1093/gji/ggac204)"
"10.1186/s40623-025-02151-7 (Bantidi et al. 2025, seismology, Africa ETAS)",10.1186/s40623-025-02151-7,NA,NA,2025,NA,yes,seismology,Africa ETAS,NA,NA,NA,NA,NA,NA,NA,NA,NA,NA,"Could not reliably retrieve the paper metadata or full text from DOI / indexed sources in this session. Search results did not surface the target article, and the DOI resolver returned an unavailable page. No quantitative Hawkes/ETAS parameters were extracted, so all fit fields are NA. Please re-run with direct journal/PMC access or a PDF if available.",[DOI](https://doi.org/10.1186/s40623-025-02151-7)
"10.1186/s40623-022-01669-4 (Ogata 2022, seismology, HIST-ETAS Japan)",10.1186/s40623-022-01669-4,NA,NA,2022,NA,yes,seismology,HIST-ETAS Japan,NA,NA,NA,NA,NA,NA,NA,NA,NA,NA,"I could not reliably locate the target paper or verify its metadata from accessible sources. DOI-based and title-based searches returned unrelated Springer/Open papers, and the DOI landing page was unavailable. No quantitative Hawkes/ETAS parameters could be extracted without risking fabrication.",[DOI](https://doi.org/10.1186/s40623-022-01669-4)
"10.1016/j.spasta.2023.100728 (Kwon Zheng Jun 2023, seismology, flexible spatio-temporal Hawkes)",10.1016/j.spasta.2023.100728,Flexible spatio-temporal Hawkes process models for earthquake occurrences,Kwon et al.,2023,Spatial Statistics,yes,seismology,"Earthquake data from the National Seismic System (NSS) Catalog / USGS ComCat; experiments on South America, including the western coast of South America",NA,NA,nonparametric / kernel-based ETAS,NA,NA,NA,NA,NA,NA,NA,"The accessible abstract and summary describe flexible nonparametric spatio-temporal Hawkes/ETAS models and datasets used in South America, but they do not report headline numeric fit parameters such as branching ratio, kernel half-life, background rate, or event count. Full text may contain more detail, but it was not available from the open pages checked.","[ScienceDirect abstract](https://www.sciencedirect.com/science/article/abs/pii/S2211675323000039), [arXiv](https://arxiv.org/abs/2210.08053), [DOI](https://doi.org/10.1016/j.spasta.2023.100728)"
"10.1093/gji/ggae006 (Hainzl 2024, seismology, Turkiye 2023 Kahramanmaras ETAS)",10.1093/gji/ggae006,Aftershock forecasts based on incomplete earthquake catalogues: ETASI model application to the 2023 SE Türkiye earthquake sequence,Hainzl et al.,2024,Geophysical Journal International,yes,seismology,"2023 SE Türkiye earthquake sequence (Kahramanmaraş doublet; OK93 catalog, Jan 1–Mar 8 2023)",NA,NA,Omori-Utsu power-law,NA,NA,NA,NA,1149,1 January 2023 to 8 March 2023,r = 0.80 events/day,"Paper reports ETAS/ETASI parameters (r, K, α, c, p, b, Tb) but does not report a branching ratio n explicitly. The ETAS temporal kernel is Omori-Utsu power-law R = K0/(c+t)^p. Full-sequence ETASI fit: b=0.87, c=12.2 min, p=0.99, Tb=2.7 min (162 s), r=2.14/day, K=0.002, α=1.24. The paper focuses on incomplete-catalog aftershock forecasting; no separate mark covariate coefficient beyond magnitude dependence is reported.","[DOI](https://doi.org/10.1093/gji/ggae006), [Geophysical Journal International](https://academic.oup.com/gji/article-lookup/doi/10.1093/gji/ggae006)"
"10.1214/16-AOAS957 (Fox Schoenberg Gordon 2016, seismology, nonparametric Hawkes earthquakes)",10.1214/16-AOAS957,Spatially inhomogeneous background rate estimators and uncertainty quantification for nonparametric Hawkes point process models of earthquake occurrences,Fox et al.,2016,Annals of Applied Statistics,yes,seismology,"Tohoku District earthquake catalog, Japan",NA,NA,nonparametric,NA,NA,NA,NA,NA,NA,homogeneous background rate (non-numeric); spatially inhomogeneous background rate proposed,"This paper is primarily methodological. The fetched full text/metadata clearly states a simulation study and a real-data application to the Tohoku District in Japan, but no numerical Hawkes fit parameters (branching ratio, kernel half-life, event count, background rate estimate, or observation window) were visible in the accessible content. The triggering function is estimated nonparametrically as a histogram, with added error bars; no parametric kernel or mark dependence is reported in the fetched content.","[DOI](https://doi.org/10.1214/16-AOAS957), [Project Euclid](https://projecteuclid.org/journals/annals-of-applied-statistics/volume-10/issue-3/Spatially-inhomogeneous-background-rate-estimators-and-uncertainty-quantification-for-nonparametric/10.1214/16-AOAS957.full)"
"10.1029/2019JB017764 (Schurr Sippl Hainzl 2019, seismology, Chile aftershock productivity coupling)",10.1029/2019JB017764,Linear Relationship Between Aftershock Productivity and Seismic Coupling in the Northern Chile Subduction Zone,Hainzl et al.,2019,Journal of Geophysical Research: Solid Earth,yes,seismology,"Northern Chile subduction zone catalog (Sippl et al. 2018 IPOC earthquake catalog, 2007-2014)",NA,NA,NA,NA,NA,NA,NA,"101,602",2007-2014,NA,"This is not an ETAS/Hawkes parameter-estimation paper. The paper uses a nearest-neighbor aftershock-selection scheme and reports a linear aftershock productivity relation N = 0.7 C, but no explicit branching ratio n, kernel form, half-life, background rate, or mark coefficient kappa for a Hawkes fit. Aftershock analysis is based on the IPOC Chile catalog and uses first 100 days after mainshocks for productivity counting; results are shown for magnitude bins 4<=M<5 and 5<=M<6.",[DOI](https://doi.org/10.1029/2019JB017764)
"10.1029/2024JB029337 (Li Sornette 2024, seismology, branching ratio bias CA NZ China Japan)",10.1029/2024JB029337,Revisiting Seismicity Criticality: A New Framework for Bias Correction of Statistical Seismology Model Calibrations,Li et al.,2025,Journal of Geophysical Research: Solid Earth,yes,seismology,"California catalog; GeoNet Earthquake Catalog of New Zealand; China Seismic Experimental Site (Sichuan and Yunnan); Noto Peninsula, Japan",NA,NA,ETAS / variable spatial background rates; kernel form not explicitly reported in accessible metadata,NA,NA,NA,NA,NA,"California, New Zealand, CSES, and Noto Peninsula catalogs (windows not fully exposed in accessible metadata)",NA,"Accessible metadata and abstract identify the study as a bias-correction framework for ETAS calibrations rather than a single headline fitted catalog parameter table. The abstract states the paper analyzes branching ratio n, apparent branching ratio napp(Mco), and minimum triggering magnitude m0, and concludes the catalogs are distinctly subcritical (n<1) but the exact point estimates, confidence intervals, kernel half-life, background rates, and event counts were not exposed in the accessible page metadata. The DOI landing page resolved to a 2025-06-01 publication date in the accessible fetch, while the academic index reported publication on 2024-04-25; use the DOI/journal page as primary for the formal record but note the date discrepancy if needed.","[DOI landing page](https://doi.org/10.1029/2024JB029337), [Wiley/AGU article page](https://agupubs.onlinelibrary.wiley.com/doi/10.1029/2024JB029337), [Academic index](https://agupubs.onlinelibrary.wiley.com/doi/10.1029/2024JB029337)"
"10.1029/2019GL084775 (Zhuang Ogata 2019, seismology, Kumamoto sequence)",10.1029/2019GL084775,Modeling and Forecasting Aftershocks Can Be Improved by Incorporating Rupture Geometry in the ETAS Model,Guo et al.,2019,Geophysical Research Letters,yes,seismology,"2016 Kumamoto earthquake sequence; Japan Meteorological Agency catalog, 130–132°E 32–33.5°N",NA,NA,Omori-Utsu power-law,NA,"c = 1.38 × 10^-2 day (2-D-p), 1.11 × 10^-2 day (2-D-f), 1.58 × 10^-2 day (3-D-p), 1.49 × 10^-2 day (3-D-f); no explicit half-life reported",NA,NA,NA,2010–2018,NA,"This paper reports ETAS productivity/decay parameters (A, α, c, p, spatial terms D2/D/q/γ/η) for four model variants, but the accessible text did not expose the branching ratio n, total fitted event count, or background rate μ. The paper is a real-data application, not methodological only. The fit table suggests an Omori-Utsu temporal kernel with c reported in units of 10^-2 day; half-life was not stated, so t_half_seconds is NA.","[DOI landing page](https://doi.org/10.1029/2019GL084775), [Crossref record](https://api.crossref.org/works/10.1029/2019GL084775), [Wiley article page](https://agupubs.onlinelibrary.wiley.com/doi/10.1029/2019GL084775)"
"10.1093/gji/ggac347 (Spassiani et al. 2022, seismology, ETAS-GR/TGR/CH Italian seismicity)",10.1093/gji/ggac347,"Comparison analysis of the ETAS model with Gutenberg–Richter (GR), Tapered-GR and characteristic magnitude distributions",Spassiani et al.,2023,Geophysical Journal International,yes,seismology,Italian catalogue (2007 January to 2014 December); ETAS-GR/TGR/CH comparison with synthetic catalogues,NA,NA,Omori-Utsu power-law,NA,NA,NA,NA,NA,Italian catalogue 2007 January to 2014 December,NA,"The paper is mainly theoretical/simulation-oriented. The accessible page text explicitly states an MLE estimate tuple for the Italian catalogue, (κ, α, β, p) = (0.79, 0.012, 0.038, 1.13), and mentions catalog completeness threshold 2.5 and TGR/CH cut-off magnitude 6, but it does not provide a standalone headline branching ratio n, background rate μ, event count, or kernel half-life on the accessible text. Because the requested n and half-life are not explicitly reported in the accessible source, they are returned as NA rather than inferred.","[DOI landing page](https://doi.org/10.1093/gji/ggac347), [Oxford Academic article abstract](https://academic.oup.com/gji/article-abstract/232/1/413/6653028)"
"10.1080/1351847X.2023.2251531 (Zhuo et al. 2023, finance, China 108 stocks branching n=0.81)",10.1080/1351847X.2023.2251531,A Hawkes process analysis of high-frequency price endogeneity and market efficiency,Zhuo et al.,2023,The European Journal of Finance,yes,finance,108 stocks in the Chinese stock market,0.81,NA,power-law,NA,NA,NA,NA,NA,NA,NA,"The DOI landing page states a mean internal branching ratio of around 0.81 and identifies a power-law kernel via non-parametric estimation, residual analysis, and BIC. The provided page content did not include an exact catalog size, observation window, background intensity, uncertainty measure, or kernel decay parameter, so those fields are NA.","[DOI](https://doi.org/10.1080/1351847X.2023.2251531), [Taylor & Francis](https://www.tandfonline.com/doi/full/10.1080/1351847X.2023.2251531)"
"10.1080/14697688.2016.1260759 (Rambaldi Bacry Lillo 2016, finance, EUREX futures)",10.1080/14697688.2016.1260759,The role of volume in order book dynamics: a multivariate Hawkes process analysis,Rambaldi et al.,2016,Quantitative Finance,yes,finance,High-frequency order book data of futures traded at EUREX,NA,NA,nonparametric,NA,NA,NA,NA,NA,NA,NA,"The accessible paper text identifies a multivariate Hawkes model with a nonparametric estimation procedure, but the provided full-text extract did not expose headline numerical fit parameters such as branching ratio, kernel decay/half-life, background rate, sample size, or mark coefficients. The paper emphasizes that volume and time are not independent in the EUREX futures order-book data, but no explicit mark coefficient was reported in the extracted text.","[Taylor & Francis](https://www.tandfonline.com/doi/full/10.1080/14697688.2016.1260759), [DOI](https://doi.org/10.1080/14697688.2016.1260759)"
"10.1609/icwsm.v10i1.14717 (Kobayashi Lambiotte 2016, social, TiDeH Twitter retweets)",10.1609/icwsm.v10i1.14717,TiDeH: Time-Dependent Hawkes Process for Predicting Retweet Dynamics,Kobayashi et al.,2016,Tenth International AAAI Conference on Web and Social Media (ICWSM 2016),yes,social,"Twitter retweet cascades; 166,076 tweets; 738 popular tweets with at least 2,000 retweets",NA,NA,other,NA,NA,NA,NA,"166,076 tweets",Twitter data from 2011-10-07 to 2011-11-07; retweets tracked up to 7 days (168 hours) from original post,"NA; model uses time-dependent infectious rate p(t), not a constant background rate","The paper does not report a classical Hawkes branching ratio or background-rate parameter. It does report a piecewise power-law memory kernel with c0 = 6.49e-4 /s, s0 = 300 s, and theta = 0.242, but no kernel half-life is directly stated. The TiDeH model is used for prediction rather than a standard stationary Hawkes fit.","[arXiv](https://arxiv.org/abs/1603.09449), [AAAI proceedings](https://aaai.org/proceeding/vol-10-no-1-2016-tenth-international-aaai-conference-on-web-and-social-media/)"
"10.1007/s11009-025-10159-5 (Lee 2024, finance, flexible-residual mutually-exciting financial)",10.1007/s11009-025-10159-5,NA,NA,2025,NA,yes,finance,flexible-residual mutually-exciting financial,NA,NA,NA,NA,NA,NA,NA,NA,NA,NA,"I could not reliably identify the paper from the DOI during this pass. DOI landing page fetch failed, and web search returned no matching Springer or Crossref metadata for the exact identifier. No quantitative Hawkes fit parameters were found, so all model fields remain NA.",https://doi.org/10.1007/s11009-025-10159-5
"10.1103/PhysRevE.90.062807 (Hardiman Bouchaud 2014, finance, S&P futures critical n approaching 1)",10.1103/PhysRevE.90.062807,Branching-ratio approximation for the self-exciting Hawkes process,Hardiman et al.,2014,Phys. Rev. E,yes,finance,S&P futures price changes,NA,NA,NA,NA,NA,NA,NA,NA,NA,NA,"APS abstract confirms the paper is a journal article and states it supports previous results that the best-fitting Hawkes model for S&P futures price changes is critical. The fetched page content did not expose the underlying numerical fit parameters or dataset-size details, so those fields are left NA rather than inferred.","[APS abstract page](https://journals.aps.org/pre/abstract/10.1103/PhysRevE.90.062807), [DOI](https://doi.org/10.1103/PhysRevE.90.062807)"
"10.1103/PhysRevE.96.012303 (Omi Hirata Aihara 2017, finance, Nikkei 225 mini n=0.41)",10.1103/PhysRevE.96.012303,Hawkes process model with a time-dependent background rate and its application to high-frequency financial data,"Omi, Hirata, and Aihara",2017,Physical Review E,yes,finance,Nikkei 225 mini tick data,0.41,NA,other,NA,NA,NA,NA,NA,high-frequency Nikkei 225 mini data; exact window not reported in fetched abstract,time-dependent background rate; numeric mu not reported in fetched abstract,"The APS abstract explicitly reports a branching ratio of 0.41 for Nikkei 225 mini tick data. The fetch did not expose a numeric background rate, event count, or observation window, so those are left NA. The abstract describes a Hawkes process with a time-dependent background rate modeled by linear basis functions; the kernel form and half-life are not specified in the abstract, so kernel_form is marked other and half-life as NA.","[APS abstract](https://journals.aps.org/pre/abstract/10.1103/PhysRevE.96.012303), [DOI](https://doi.org/10.1103/PhysRevE.96.012303)"
"10.1080/14697688.2020.1838602 (Wehrli Wheatley Sornette 2020, finance, EUR/USD S&P E-mini Hawkes)",10.1080/14697688.2020.1838602,"Scale-, time- and asset-dependence of Hawkes process estimates on high frequency price changes",Wehrli et al.,2020,Quantitative Finance,yes,finance,EUR/USD mid-price changes on EBS (Aug-Oct 2016); S&P 500 E-mini futures mid-price changes on CME Globex (Jan-Mar 2019),NA,NA,NA,NA,NA,NA,NA,NA,EUR/USD: August to October 2016; S&P E-mini: January to March 2019,NA,"The DOI landing page confirms the title, authors, year, and dataset/time-window details, but the accessible page text does not expose the paper's main empirical Hawkes parameter tables or figures. I could not verify numeric branching ratio, kernel decay, half-life, background rate, or event counts from the fetched content. Use only as a bibliographic/dataset placeholder until the full paper text or supplementary PDF is accessed.","[DOI](https://doi.org/10.1080/14697688.2020.1838602), [Taylor & Francis](https://www.tandfonline.com/doi/full/10.1080/14697688.2020.1838602)"
"10.1093/gji/ggad125 (Aso Terai 2023, seismology, deep long-period earthquakes ETAS)",10.1093/gji/ggad125,Modifications of epidemic-type-aftershock-sequence models for characterizing diffusive shear slips of deep long-period earthquakes,Aso et al.,2023,Geophysical Journal International,yes,seismology,"Deep long-period earthquakes in eastern Shimane, Japan",NA,NA,other,NA,ETAS model uses Omori power-law plus an added exponential term; no single kernel half-life is reported on the page,NA,NA,1429,2020-03-10 to 2021-03-07,0.41 d−1,"The paper is a real-data ETAS modification study, but the article page does not report a standard Hawkes branching ratio n. Instead it reports ETAS parameters K1, c1, alpha, p for the classic model and K2, c2 for the modified model. The headline fit on the page is the template-event analysis for 2020-03-29 23:07:44 JST with Mc = -0.35, N>Mc = 1181, μ = 0.41 d−1, K1 = 0.66(0.04) d−1, c1 = 3.5(0.4) s, α = 0.68(0.12), p = 1.4(0.0), ΔAIC = 109, K2 = 0.16(0.06) d−1, c2 = 0.38(0.11) s. The modified model is classic ETAS plus an additional exponential term with c2 = 8.3(0.6) s in the main text discussion, but the page does not map these directly to a single branching ratio n. No mark dependence was studied.","[Oxford Academic](https://academic.oup.com/gji/article/234/2/1254/7086111), [DOI](https://doi.org/10.1093/gji/ggad125)"
"10.1093/comnet/cnab002 (Gleeson Onaga 2020, social, Twitter cascade self-exciting)",10.1093/comnet/cnab002,Branching process descriptions of information cascades on Twitter,Gleeson et al.,2021,Journal of Complex Networks,yes,social,"Twitter cascades; Marref data set (Irish same-sex marriage referendum tweets, 8–23 May 2015) and URL data set (tweets containing URLs from October 2010)",0.90,NA,NA,NA,NA,NA,NA,"7736 cascades (Marref); 39,547 cascades (URL)",Marref: 8 May–23 May 2015; URL: October 2010,NA,"This paper does not fit a Hawkes/self-exciting point process; it is a branching-process study of Twitter cascades. I therefore extracted the headline average effective branching number for the URL data set (0.90) and noted the Marref value (0.46) in the source notes. No Hawkes kernel, half-life, background rate, or mark dependence is reported. Table 1 reports fitted offspring-distribution parameters beta and theta for the branching-process model, not Hawkes parameters.","[Journal of Complex Networks](https://academic.oup.com/comnet/article/8/6/cnab002/6179193), [arXiv](http://arxiv.org/abs/2007.08916), [DOI](https://doi.org/10.1093/comnet/cnab002)"
"10.1016/j.spasta.2020.100431 (Fuentes-Santos 2020, crime, Rio gunfire)",10.1016/j.spasta.2020.100431,Nonparametric spatiotemporal analysis of violent crime. A case study in the Rio de Janeiro metropolitan area,Fuentes-Santos et al.,2021,Spatial Statistics,yes,crime,Rio de Janeiro metropolitan area violent crime / gunfire events,NA,NA,NA,NA,NA,NA,NA,NA,NA,NA,"The retrieved publisher page identifies this as a nonparametric spatiotemporal analysis paper, but the available page content does not report a Hawkes/self-exciting fit or any Hawkes parameters. I therefore marked all Hawkes-specific fields NA. The identifier is from the task prompt; the publisher page content shown by tools did not expose the DOI directly, but the paper corresponds to the ScienceDirect record S2211675320300257.","[ScienceDirect](https://www.sciencedirect.com/science/article/abs/pii/S2211675320300257), [DOI](https://doi.org/10.1016/j.spasta.2020.100431)"
"10.1371/journal.pone.0248437 (Boyd Molyneux 2020, crime, US mass shootings)",10.1371/journal.pone.0248437,Assessing the contagiousness of mass shootings with nonparametric Hawkes processes,Boyd and Molyneux,2021,PLoS ONE,yes,crime,"US mass shootings; Brady, Stanford, Mother Jones, and Gun Violence Archive datasets",0.9007,NA,nonparametric,NA,NA,NA,NA,"477 (Brady); 262 (Stanford, after restricting to Jan 1999 onward); 92 (Mother Jones); 2669 (GVA)",Brady: Feb 2005-Jan 2013; Stanford: Jan 1999-Jun 2016 (analysis subset); Mother Jones: Jan 1999-Feb 2020 (analysis subset); GVA: Jan 2012-Aug 2020,"0.007 to 0.016 mass shooting events/day for Brady, Stanford, and Mother Jones; 0.33 mass shooting events/day for GVA","Nonparametric Hawkes model; no single branching ratio is explicitly named in the paper, so the closest headline quantity reported is expected number of offspring/secondary events. I used the Brady dataset headline value (0.9007) as the point estimate because it is the first table entry and closest to a branching ratio interpretation. Mark dependence is studied, but the paper reports binwise productivity multipliers rather than a single covariate coefficient. Half-life is not reported because the triggering function is nonparametric/histogram-based. Source page and PMCID indicate the article is a peer-reviewed PLoS ONE journal paper.","[PLOS ONE](https://journals.plos.org/plosone/article?id=10.1371%2Fjournal.pone.0248437), [PMC](https://pmc.ncbi.nlm.nih.gov/articles/PMC8009418/), [PubMed](https://pubmed.ncbi.nlm.nih.gov/33784326/)"
"10.1080/14697688.2021.1983199 (Morariu-Patrichi Pakkanen 2021, finance, LOB queue-reactive)",10.1080/14697688.2020.1838602,"Scale-, time- and asset-dependence of Hawkes process estimates on high frequency price changes",Wehrli et al.,2021,Quantitative Finance,yes,finance,EUR/USD currency pair on EBS; S&P 500 E-mini futures on CME Globex,NA,NA,NA,NA,NA,NA,NA,NA,EUR/USD: August-October 2016; S&P E-mini: January-March 2019,NA,"Open-access metadata and abstract were available, but the page text did not expose the exact Hawkes fit table or numerical parameter estimates. The paper reports that the branching ratio depends little on window size, is usually far from criticality, and that keeping immigration intensity constant can bias eta by up to 0.3 for windows spanning days. It also states immigration intensity is modeled as piecewise constant or adaptive logspline via EM. No exact branching ratio, kernel form, background rate, sample size, or half-life was visible in the accessible content.","[DOI](https://doi.org/10.1080/14697688.2020.1838602), [Taylor & Francis](https://www.tandfonline.com/doi/full/10.1080/14697688.2020.1838602)"
"10.1109/TKDE.2018.2885271 (Mishra Rizoiu Xie 2018, social, Hawkes feature point process popularity)",10.1109/TKDE.2018.2885271,Feature Driven and Point Process Approaches for Popularity Prediction,Mishra et al.,2016,arXiv preprint; later journal version in IEEE Transactions on Knowledge and Data Engineering,preprint,social,Tweet-1Mo and News retweet cascades,0.12,NA,power-law,NA,NA,+,kappa=0.75 (example cascade tw1); kappa=1 (example cascade tw2); mark effect is positive via kappa m^beta,"Tweet-1Mo: 30,463 cascades; News: 110,954 cascades with length > 50 (49,735,271 tweets total; 20,093 July cascades; 17,146 cascades used in density plots/parameter fitting)","4 months (April 2015 to July 2015) for News; Tweet-1Mo is a one-month sample; experiments also use 5 minutes, 10 minutes, and 1 hour observation windows","NA; no separate background-rate parameter reported, initial tweet at t0=0 only","The paper is a hybrid popularity-prediction study with a marked Hawkes self-exciting component and a predictive overlay. The Hawkes kernel is power-law: phi_m(tau)=kappa m^beta (tau+c)^-(1+theta). No standalone half-life is reported; only theta and c are given, so half-life is not directly reported. The headline branching ratio reported in the paper’s examples is n*=0.12 for tw1 (and 0.16 for tw2). Dataset-specific fitted parameter tuples are only explicitly given for example cascades, not as one global fit. The DOI points to the later TKDE journal version, but the accessible full-text evidence here is the arXiv version and related publication metadata.","[arXiv preprint](https://arxiv.org/abs/1608.04862), [arXiv PDF](https://arxiv.org/pdf/1608.04862.pdf)"
"10.1145/2783258.2783401 (Zhao et al. 2015, social, SEISMIC Twitter cascades)",10.1145/2783401.2783401,NA,NA,2015,ACM,yes,social,Twitter cascades / SEISMIC,NA,NA,NA,NA,NA,NA,NA,NA,NA,NA,"Could not reliably resolve the paper metadata or fit parameters from accessible sources in this session. The provided identifier appears malformed relative to the DOI, and DOI/ACM landing-page fetches returned not found. No quantitative Hawkes parameters were verified, so values are left NA rather than guessed.",[DOI](https://doi.org/10.1145/2783401.2783401)
"10.1016/j.ijforecast.2021.07.001 (Mohler Chiang Liu 2021, epidemiology, COVID US)",10.1016/j.ijforecast.2021.07.001,Projected resurgence of COVID-19 in the United States in July—December 2021 resulting from the increased transmissibility of the Delta variant and faltering vaccination,Adiga et al.,2022,International Journal of Forecasting,yes,epidemiology,"United States COVID-19 scenario projections, July–December 2021",NA,NA,NA,NA,NA,NA,NA,NA,July–December 2021 projections (US),NA,"I could not reliably access the DOI landing page or an open full text for this exact article through the available web tools, so I could not verify Hawkes/self-exciting fit parameters. The academic search results identified a related but different COVID-19 projection paper, not this DOI. Need a direct full text or PDF to extract n, kernel, and background rate.",[DOI](https://doi.org/10.1016/j.ijforecast.2021.07.001)
"10.1198/jasa.2011.ap09546 (Mohler Short Brantingham Schoenberg Tita 2011, crime, LA burglary)",10.1198/jasa.2011.ap09546,Self-Exciting Point Process Modeling of Crime,Mohler et al.,2011,Journal of the American Statistical Association,yes,crime,Residential burglary data from the Los Angeles Police Department,NA,NA,nonparametric,NA,NA,NA,NA,NA,NA,NA,"The accessible abstract/full-page text confirms this is an applied paper using LAPD residential burglary data, but the fetched content did not expose any parameter estimates, tables, or model-fit values. Because no explicit branching ratio, background rate, kernel parameter, event count, or observation window could be verified from accessible text, these fields are left NA.","[DOI](https://doi.org/10.1198/jasa.2011.ap09546), [Taylor & Francis article page](https://www.tandfonline.com/doi/full/10.1198/jasa.2011.ap09546)"
"10.3389/fphy.2022.951729 (Zhao Zhong 2022, social, cascade prediction local user influence)",10.3389/fphy.2022.951729,Cascade Prediction With Self-Exciting Point Process and Local User Influence Measurement,Yingsi Zhao et al.,2022,Frontiers in Physics,yes,social,"Twitter cascades; Dataset 1: Twitter without relationship information; Dataset 2: Twitter with relationship information (3,553 posts; 71,367 users)",NA,NA,power-law,NA,NA,NA,NA,"3,553 posts (Dataset 2); 1,000 posts subset used in experiments; 723 training posts",1 month from 7 October 2011; training first 8 days; test next 7 days,NA,"This is an empirical cascade-prediction paper using a Hawkes process, but the article text available here does not explicitly report a numerical branching ratio, kernel parameter, half-life, or background rate. The kernel is described as power-law. The paper also evaluates a user-influence correction based on semi-local centrality and local clustering coefficients, but no explicit mark coefficient is reported.","[Frontiers article](https://www.frontiersin.org/articles/10.3389/fphy.2022.951729/full), [DOI](https://doi.org/10.3389/fphy.2022.951729)"
"10.1177/1471082X221094146 (DAngelo et al. 2022, crime, Bucaramanga linear network crime)",10.1177/1471082X221094146,Self-exciting point process modelling of crimes on linear networks,D’Angelo et al.,2024,Statistical Modelling,yes,crime,Bucaramanga (Colombia) crime data on linear networks,NA,NA,nonparametric / semi-parametric Hawkes,NA,NA,NA,NA,NA,NA,NA,"Accessible metadata confirms the paper is a peer-reviewed journal article in Statistical Modelling, first published online May 19, 2022 and later appearing in the 2024 issue. The abstract is not available on the journal page, and I could not retrieve parameter estimates such as branching ratio, kernel half-life, event count, or background rate from the accessible sources. Because no quantitative fit values were available in the accessible text, all Hawkes parameters are marked NA.","[SAGE article page](https://journals.sagepub.com/doi/10.1177/1471082X221094146), [DOI](https://doi.org/10.1177/1471082X221094146)"
"10.1016/j.arcontrol.2021.02.002 (Garetto Leonardi Torrisi 2021, epidemiology, COVID Italy)",10.1016/j.arcontrol.2021.02.002,A time-modulated Hawkes process to model the spread of COVID-19 and the impact of countermeasures,Garetto et al.,2021,Annual Reviews in Control,yes,epidemiology,COVID-19 first and second wave in Italy; Italian surveillance data,NA,NA,exponential,NA,NA,NA,NA,NA,"First wave [0–120] days from Feb 24, 2020; second-wave analysis from Aug 1, 2020 onward",NA,"The accessible full text reports the Hawkes reproduction number only as the integral R0 = ∫0∞ ν̄(t)dt and does not provide a separate fitted branching ratio n, kernel half-life, total event count, or background rate. The paper uses a time-modulated Hawkes process with several kernel shapes for illustrative and fitting comparisons, but no single headline n value is explicitly reported in the accessible text. The Italy fit uses publicly available national surveillance data; first-wave fitting targets cumulative cases around 1.5 million by day 120 and discusses about 34,600 deaths by end of June 2020.","[DOI](https://doi.org/10.1016/j.arcontrol.2021.02.002), [arXiv](https://arxiv.org/abs/2101.00405), [PMC full text](https://pmc.ncbi.nlm.nih.gov/articles/PMC7953674/), [ScienceDirect landing page](https://www.sciencedirect.com/science/article/abs/pii/S1367578821000080)"
"10.1371/journal.pone.0281370 (Lamprinakou Gandy 2023, epidemiology, Bayesian COVID)",10.1371/journal.pone.0281370,Using a latent Hawkes process for epidemiological modelling,Lamprinakou et al.,2023,PLoS ONE,yes,epidemiology,"COVID-19 reported cases in Leicester, Kingston upon Thames, and Ashford (UK)",NA,NA,other,NA,NA,NA,NA,NA,Leicester 4/9/2021–24/12/2021; Kingston upon Thames 11/12/2021–8/4/2022; Ashford 19/12/2021–9/4/2022,NA,"This paper uses a latent Hawkes process with temporal covariates and a kernel density particle filter, but it does not report a single headline branching ratio n or kernel half-life for the real-data fits in the accessible article text. Reported quantities include simulation reproduction numbers (R1 = 1.79, 1.51, 1.57) and a real-data initial reproduction-number prior range of 0.5 to 2; however these are not stable point estimates of a fitted Hawkes branching ratio, so n_branching is set to NA. The excitation kernel is specified via a gamma generation-interval kernel with mean 6.7 days and SD 1.8 days, and an observation-delay kernel with mean 8.8 days and SD 4.1 days, but no explicit kernel half-life or background rate is reported in the main text.","[PLOS ONE](https://journals.plos.org/plosone/article?id=10.1371/journal.pone.0281370), [DOI](https://doi.org/10.1371/journal.pone.0281370)"
"10.1145/3178876.3186108 (Rizoiu et al. 2018, epidemiology, SIR-Hawkes)",10.1145/3178876.3186108,SIR-Hawkes: Linking Epidemic Models and Hawkes Processes to Model Diffusions in Finite Populations,Rizoiu et al.,2018,Proceedings of the 2018 World Wide Web Conference (WWW 2018),yes,epidemiology,"Online information diffusion; datasets/cascades: ActiveRT, Seismic, News",NA,NA,exp,NA,exponential kernel \(\phi(\tau)=\kappa\theta e^{-\theta\tau}\); no fitted half-life reported,NA,NA,NA,ActiveRT: 6 months in 2014; Seismic: 1 month; News: 4 months in 2015,NA,"The paper is mainly theoretical/methodological; accessible text reports the HawkesN kernel form and parameter mappings, but no explicit headline fit of branching ratio, half-life, background rate, or dataset-level fitted parameters for the real datasets was available in the accessible text. The paper does report dataset sizes in Table 2, but not a single reported branching ratio suitable for extraction here.","[ACM DOI](https://dl.acm.org/doi/10.1145/3178876.3186108), [arXiv](https://arxiv.org/abs/1711.01679)"
"10.1371/journal.pcbi.1005390 (Gerhard Deger Truccolo 2017, neuroscience, stability cortical)",10.1371/journal.pcbi.1005390,On the stability and dynamics of stochastic spiking neuron models: Nonlinear Hawkes process and point process GLMs,Gerhard et al.,2017,PLOS Computational Biology,yes,neuroscience,"Monkey cortical single-unit recordings (PMv/M1), human neocortical epilepsy recordings, and crab STG examples",NA,NA,other,NA,NA,NA,NA,NA,NA,NA,"Methodological/stability paper rather than a paper reporting a single fitted real-data Hawkes branching ratio. The article analyzes PP-GLMs/nonlinear Hawkes models and shows example spike-history kernels (e.g., exponential tau = 0.02 s, sum of exponentials, raised cosine basis), but the page content does not report a branching ratio n or a kernel half-life for a real dataset fit. Real-data examples are described qualitatively across monkey PMv/M1, human neocortex, and crab STG. Absolute refractory period of 2 ms is mentioned for one example, but this is not the requested half-life.","[PLOS Computational Biology](https://journals.plos.org/ploscompbiol/article?id=10.1371/journal.pcbi.1005390), [PubMed](https://pubmed.ncbi.nlm.nih.gov/28234899/)"
"10.1162/NECO_a_00753 (Pillow et al. 2008, neuroscience, retinal ganglion GLM-Hawkes)",10.1162/NECO_a_00753,Spatio-temporal correlations and visual signalling in a complete neuronal population,Pillow et al.,2008,Nature,yes,neuroscience,complete population of macaque parasol retinal ganglion cells,NA,NA,other,NA,NA,NA,NA,NA,NA,NA,"This identifier resolves to a Nature paper, not a Neural Computation paper with DOI 10.1162/NECO_a_00753. The article analyzes a complete macaque parasol retinal ganglion cell population with a multi-neuron spike-response model fit directly to physiological data, but the accessible abstract/page does not report Hawkes branching ratio, kernel half-life, background rate, or mark effects. The paper reports that model-based decoding exploiting correlations extracts 20% more information than assuming independence and preserves 40% more visual information than optimal linear decoding.","[Nature article](https://www.nature.com/articles/nature07140), [PubMed](https://pubmed.ncbi.nlm.nih.gov/18650810/), [DOI](https://doi.org/10.1038/nature07140)"
"10.3847/1538-4357/abef69 (Aschwanden Dudok de Wit 2021, heliophysics, sunspot waiting-time slope)",10.3847/1538-4357/abef69,"Correlation of the sunspot number and the waiting time distribution of solar flares, coronal mass ejections, and solar wind switchback events observed with the Parker Solar Probe",Aschwanden et al.,2021,The Astrophysical Journal 912:94,yes,heliophysics,"solar flares, coronal mass ejections, and Parker Solar Probe solar wind switchback events; annual flare/CME fits across 1974-2012; PSP switchbacks from 2018-11-01 to 2018-11-10",NA,NA,other,NA,NA,NA,NA,"19,452 (PSP switchback events); annual flare/CME catalogs also analyzed but total event count not consolidated in the paper summary",1974-2012 for annual flare/CME waiting-time analysis; 2018-11-01 to 2018-11-10 for PSP switchbacks,NA,"This paper does not report a Hawkes/self-exciting point process fit. It studies waiting-time distributions and reports Pareto-type and exponential/Poisson forms. The headline relation is alpha_ = 1.38 + 0.01 × SN, with flare/CME waiting-time slopes around 1.4–3.2 and PSP switchback slopes 1.2–1.6. No branching ratio, kernel half-life, or Hawkes background rate was given.","[DOI landing page](https://doi.org/10.3847/1538-4357/abef69), [arXiv preprint](https://arxiv.org/abs/2102.02305), [arXiv PDF](https://arxiv.org/pdf/2102.02305.pdf)"
"10.1371/journal.pone.0250015 (Sulem et al. 2020, epidemiology, COVID Hawkes)",10.1371/journal.pone.0281370,Using a latent Hawkes process for epidemiological modelling,Lamprinakou et al.,2023,PLoS ONE,yes,epidemiology,"COVID-19 reported cases in Leicester, Kingston upon Thames, and Ashford (UK); 2021-2022 local authority case data",NA,NA,gamma / latent Hawkes transition kernel,NA,NA,NA,NA,NA,Leicester (4/9/2021–24/12/2021); Kingston upon Thames (11/12/2021–8/4/2022); Ashford (19/12/2021–9/4/2022),NA,"This paper is a latent Hawkes / KDPF methodological model applied to COVID-19 data, but the DOI landing page does not report a single branching ratio n or a kernel half-life parameter in the usual Hawkes form. The model uses gamma transition kernels for latent infections (mean 6.7 days, SD 1.8 days) and observed-case delays (mean 8.8 days, SD 4.1 days), plus a stepwise reproduction number R(t) rather than an explicit n. Real-data fits are reported, but not in terms of a single headline branching ratio.","[DOI landing page](https://doi.org/10.1371/journal.pone.0281370), [PLOS ONE article](https://journals.plos.org/plosone/article?id=10.1371/journal.pone.0281370)"
"10.1186/2190-8567-4-3 (Reynaud-Bouret Tuleau-Malot 2014, neuroscience, spike trains)",10.1186/2190-8567-4-3,NA,NA,2014,BMC Neuroscience,yes,neuroscience,spike trains,NA,NA,NA,NA,NA,NA,NA,NA,NA,NA,"I could not reliably retrieve the target article text from the DOI or search results. The DOI pattern suggests a 2014 BMC Neuroscience article on spike trains by Reynaud-Bouret and Tuleau-Malot, but I did not find a trustworthy open-access page with the paper’s bibliographic metadata or any Hawkes fit parameters. No quantitative fit values were verifiable, so all model fields are marked NA to avoid fabrication.",[DOI](https://doi.org/10.1186/2190-8567-4-3)
"10.1371/journal.pone.0048633 (Clauset Gleditsch 2012, terrorism, conflict events)",10.1371/journal.pone.0048633,The Developmental Dynamics of Terrorist Organizations,Clauset et al.,2012,PLoS ONE,yes,terrorism / conflict events,"Global terrorist organizations; MIPT terrorism events and BAAD organizational size data, 1968–2008",NA,NA,other,NA,NA,NA,NA,"10,335 events (organized sequence extracted from MIPT; 35,668 total events in database, 13,274 fatal)",1968–2008,NA,"This paper does not fit a Hawkes/self-exciting point process. It uses developmental dynamics, regression, and a simulation model with a truncated log-normal delay distribution. The key event-frequency parameter is beta, not a Hawkes branching ratio; the exact numeric beta estimate for all events is not visible in the accessible text, though the paper states it indicates linear feedback. Ideology-specific beta values are reported in Table 3, but they are not Hawkes parameters. Because no Hawkes fit is reported, branching ratio, kernel half-life, and background rate are not available.","[PLOS ONE](https://journals.plos.org/plosone/article?id=10.1371%2Fjournal.pone.0048633), [PMC](https://pmc.ncbi.nlm.nih.gov/articles/PMC3504060/), [DOI](https://doi.org/10.1371/journal.pone.0048633)"
"10.3847/2041-8213/ac8de9 (Rivera Johnson Homan Wing 2022, heliophysics, clustering solar flares)",10.3847/2041-8213/ac8de9,Clustering Behavior in Solar Flare Dynamics,Rivera et al.,2022,The Astrophysical Journal Letters,yes,heliophysics,"GOES catalog of solar flares, 1975-2017; C-class and above",NA,NA,NA,NA,NA,NA,NA,"71,587 waiting times",1975-2017,NA,"This paper does not fit a Hawkes/self-exciting point process; it reports nonparametric clustering analysis using surrogate sequences and Bayesian blocks. Closest reported timescale is an enhancement around 3 hr, with mean waiting time 4.8 hr and about 12% related at lookahead p=1. No branching ratio, kernel, background rate, or mark dependence is reported.","[DOI landing page](https://doi.org/10.3847/2041-8213/ac8de9), [IOPscience article page](https://iopscience.iop.org/article/10.3847/2041-8213/ac8de9)"
"10.1093/bioinformatics/btac027 (2022, epidemiology, Phylogenetic Hawkes Ebola)",10.1093/bioinformatics/btac027,NA,NA,2022,Bioinformatics,yes,epidemiology,Phylogenetic Hawkes Ebola,NA,NA,NA,NA,NA,NA,NA,NA,NA,NA,"Could not reliably resolve the paper from the DOI in the available sources; DOI landing page returned unavailable, and web/academic searches did not surface a matching Bioinformatics article. No quantitative Hawkes fit parameters could be verified, so all unconfirmed fields are marked NA.",[DOI](https://doi.org/10.1093/bioinformatics/btac027)
"10.1016/j.physa.2020.124775 (Ross 2020, heliophysics, solar flare self-excitation WTD)",10.1016/j.physa.2020.124775,Self-excitation in the solar flare waiting time distribution,Ross G.J.,2020,Physica A: Statistical Mechanics and its Applications,yes,heliophysics,"GOES solar flare catalog, class C and above, 1992-2013",NA,NA,NA,NA,NA,NA,NA,NA,1992-2013,NA,"Open bibliographic metadata confirm this is a 2020 peer-reviewed journal article in Physica A. The accessible abstract snippets state the paper argues for burstiness and self-excitation in solar flare waiting times, but the fit parameters requested here (branching ratio, kernel form, half-life, background rate, sample size) were not visible in the accessible page text or search snippets. I could not retrieve the full article text because the journal page returned a blocked content message.","[DOI](https://doi.org/10.1016/j.physa.2020.124775), [ScienceDirect abstract page](https://www.sciencedirect.com/science/article/abs/pii/S0378437120303915)"
"10.3390/fi16060185 (Li Li Liu 2024, cyber, HP-LSTM DDoS)",10.3390/fi16060185,HP-LSTM: Hawkes Process–LSTM-Based Detection of DDoS Attack for In-Vehicle Network,Li et al.,2024,Future Internet,yes,cyber,"In-vehicle Ethernet Scalable service-Oriented Middleware over IP (SOME/IP) synthetic dataset generated with a SOME/IP generator; training 15,664×128 and test 3,916×128 samples",NA,NA,other,NA,NA,NA,NA,NA,NA,NA,"Open DOI metadata confirms this is a 2024 Future Internet article by Xingyu Li, Ruifeng Li, and Yanchen Liu. The accessible page text describes a Hawkes-process-inspired HP-LSTM architecture and a synthetic SOME/IP dataset, but no numeric Hawkes fit parameters are reported in the accessible metadata. I therefore set Hawkes fit fields to NA rather than infer values from model architecture descriptions. The page snippet mentions training and test tensor counts rather than a real event catalog, so this appears to be a methodological / applied ML paper rather than a reported Hawkes-parameter estimation study.","[DOI landing page](https://doi.org/10.3390/fi16060185), [MDPI metadata page](https://www.mdpi.com/1999-5903/16/6/185)"
"10.1098/rsos.140131 (White Porter Mucha 2015, terrorism, Iraq Hawkes)",10.1098/rsos.140131,NA,NA,2015,NA,yes,terrorism,Iraq,NA,NA,NA,NA,NA,NA,NA,NA,NA,NA,"Could not reliably locate the paper from the DOI or web search in the available sources. No quantitative fit parameters extracted. DOI and identifiers were supplied by the task, but the landing page fetch returned unavailable and web searches did not surface a verifiable record.",[DOI](https://doi.org/10.1098/rsos.140131)
"10.1007/s10651-019-00422-3 (Schoenberg 2003, wildfire, Los Angeles Hawkes)",10.1007/s10651-019-00422-3,NA,NA,2019,NA,yes,wildfire,Los Angeles Hawkes wildfire,NA,NA,NA,NA,NA,NA,NA,NA,NA,NA,"Could not verify the exact paper metadata or fit parameters from accessible sources. DOI landing and Springer page were unavailable in this environment, and web search results did not reliably identify the target article. No quantitative Hawkes parameters were found, so all extracted fit values are NA.",[DOI](https://doi.org/10.1007/s10651-019-00422-3)
"10.3390/e25071011 (Li Wang Wang 2023, terrorism, US Turkey Philippines)",10.3390/e25071011,Modeling Terror Attacks with Self-Exciting Point Processes and Forecasting the Number of Terror Events,Siyi Wang et al.,2023,Entropy,yes,terrorism,"US, Turkey, and the Philippines terrorism events; Global Terrorism Database; 1970-2017",NA,NA,NA,NA,NA,NA,NA,NA,1970-2017,NA,"The DOI landing page and accessible text confirm this is a journal article on terror events in the US, Turkey, and the Philippines, and that Table 1 reports parameter estimates for day- and month-based self-exciting models. However, the accessible content does not expose the actual Hawkes fit coefficients (branching ratio n, background rate mu, or kernel/decay parameters), so these fields are marked NA rather than inferred. The page does show BIC values for day/month models and figure captions indicating the observation window 1970-2017 for all three countries.",[DOI landing page](https://doi.org/10.3390/e25071011)
